{"cameraMode":{"drawMode":0,"name":"Shaded","section":"Shading Mode"},"sceneLighting":false,"audioPlay":false,"sceneViewState":{"showFog":true,"showMaterialUpdate":false,"showSkybox":false,"showFlares":true,"showImageEffects":true,"showParticleSystems":true},"in2DMode":false,"pivot":{"x":-4.779031753540039,"y":-22.059186935424806,"z":0.20616339147090913},"rotation":{"x":-0.5078974962234497,"y":-0.48898985981941225,"z":0.5393284559249878,"w":-0.4604930281639099},"size":37.645469665527347,"orthographic":false}